﻿<?xml version="1.0" encoding="utf-8"?>
<Roots >
  <Roots.PropertyPathNames>
    <RootPropertyPathName Name="Name" />
    <RootPropertyPathName Name="TileIcon" />
  </Roots.PropertyPathNames>
  <Roots.RootTypes>
    <RootType FullName="Windows.UI.Xaml.Controls.Page">
      <RootProperty Name="Background" />
      <RootProperty Name="Resources" />
      <RootProperty Name="Content" />
      <RootProperty Name="BottomAppBar" />
    </RootType>
    <RootType FullName="Microsoft.Xaml.Tools.DirectUI.ProxyTypes.ThemeResourceExtension" />
    <RootType FullName="Windows.UI.Color" />
    <RootType FullName="Windows.UI.Xaml.Media.SolidColorBrush">
      <RootProperty Name="Color" />
    </RootType>
    <RootType FullName="Microsoft.Xaml.Tools.DirectUI.ProxyTypes.StaticResourceExtension" />
    <RootType FullName="Windows.UI.Xaml.Controls.Grid">
      <RootProperty Name="Margin" />
      <RootProperty Name="VerticalAlignment" />
      <RootProperty Name="RowDefinitions" />
      <RootProperty Name="Children" />
      <RootProperty Name="HorizontalAlignment" />
      <RootProperty Name="ColumnDefinitions" />
      <RootProperty Name="Background" />
      <RootMethod Name="GetRow" />
      <RootMethod Name="SetRow" />
      <RootMethod Name="GetColumn" />
      <RootMethod Name="SetColumn" />
    </RootType>
    <RootType FullName="Windows.UI.Xaml.Controls.RowDefinition">
      <RootProperty Name="Height" />
    </RootType>
    <RootType FullName="Windows.UI.Xaml.Controls.TextBlock">
      <RootProperty Name="HorizontalAlignment" />
      <RootProperty Name="Style" />
      <RootProperty Name="Margin" />
      <RootProperty Name="Text" />
      <RootProperty Name="VerticalAlignment" />
    </RootType>
    <RootType FullName="Windows.UI.Xaml.Shapes.Rectangle">
      <RootProperty Name="Fill" />
      <RootProperty Name="Height" />
      <RootProperty Name="Margin" />
    </RootType>
    <RootType FullName="Windows.UI.Xaml.Controls.ColumnDefinition">
      <RootProperty Name="Width" />
    </RootType>
    <RootType FullName="Windows.UI.Xaml.Data.Binding" />
    <RootType FullName="Windows.UI.Xaml.Controls.Image">
      <RootProperty Name="Margin" />
      <RootProperty Name="Source" />
      <RootProperty Name="Stretch" />
    </RootType>
    <RootType FullName="Windows.UI.Xaml.Controls.CommandBar">
      <RootProperty Name="PrimaryCommands" />
    </RootType>
    <RootType FullName="Windows.UI.Xaml.Controls.AppBarButton">
      <RootProperty Name="Name" />
      <RootProperty Name="Icon" />
    </RootType>
    <RootType FullName="Microsoft.Band.Tiles.AddTilePage" />
  </Roots.RootTypes>
</Roots>
